caseNum,expectedValue,predictedValue,state,index,df0,df1,df2,df3,df4,df5,df6,df7,df8,df9
0, 3, 2, OK, 46295, -59138.352011459436,-65055.562401264666,-31668.908799557645,17150.684660502342,-34853.90747732642,-14186.753977569726,-82884.6153183775,-14518.047572919315,-12107.52388953703,-21832.95705719298
0, 3, 2, OK, 7881, -45161.69362808546,-44289.703719070974,-10457.632835585475,16777.739907245155,-37829.48120408917,-6062.007006846384,-55039.98609670182,-18492.12784667904,-7130.814354368762,-26035.20345027457
0, 3, 2, OK, 49433, -45877.98206013846,-41481.21758539674,-12095.819924816704,16153.771079557513,-19144.199050243133,-15360.141007144095,-47913.937505985756,-15501.136789776485,-7549.192842459461,-28373.346407870766
0, 3, 2, OK, 33969, -42745.96930554001,-36955.172877960424,-26549.085908324465,15694.832050907671,-27941.61584617888,-6575.0453965589395,-39034.06410096784,-20253.751844406583,-9930.438213881804,-17217.826465261664
0, 3, 2, OK, 48445, -46066.80145784744,-29188.762536502483,-11409.078533704615,15548.119122265596,-32576.178586985032,-16024.301596924632,-69945.09481967626,-29076.27484232344,-6795.240172336813,-19091.469725801286
0, 3, 2, OK, 5193, -26738.54814417874,-47929.84915308648,-10478.556796589239,15189.050397504092,-18742.524075830785,-9148.719988922176,-33255.33868095766,-15556.398455790893,-9405.679040175546,-18247.266524524115
0, 3, 2, OK, 13579, -39462.9503960885,-44807.30848904847,-11443.242554646205,14990.48692577813,-28652.258174672475,-10919.717134034527,-45657.15317118225,-29858.68524598215,-5856.416953135861,-9995.301337830713
0, 3, 2, OK, 40427, -42796.45508615345,-56913.67598743251,-11507.77399132039,14919.832369510863,-32435.39774803825,-7545.2077552051005,-76973.95985086204,-41885.459153789896,-12377.633165082138,-28822.533439563158
0, 3, 2, OK, 1432, -52953.53733062198,-21687.0486542079,-14176.116962278304,14856.737575520992,-19089.95693300229,-14520.181699965262,-47568.663856857405,-16799.47956981492,-10241.985780377965,-33505.45324159894
0, 3, 2, OK, 51635, -44068.74737860472,-36971.40820852407,-19501.633226559527,14545.491793811838,-21046.137249094845,-6424.2601443364365,-66431.12678824188,-19745.552422782835,-6490.625559666868,-12771.281577751408
0, 3, 2, KO, 670, -14345.685010575913,-46820.77059793656,6366.409240532973,-12886.269568958238,-40167.381432334565,-1989.3475153491647,-32291.21375906369,-38208.50318620992,-4126.109069529671,-47334.03922077043
0, 3, 2, KO, 10042, -58691.996022407664,-60262.60851154546,6227.6866501346785,1546.2878876837287,-35750.59513734715,-13241.352555155569,-25020.333571040992,-58146.3397818622,-9542.533346405748,-43914.82043695539
0, 3, 2, KO, 53156, -33886.030795879255,-35874.390226054464,4521.888517758672,-7953.9601705488385,-8954.887170334825,-17953.05728637543,-27676.29890090268,-22387.16228373262,-359.5271314072969,-3949.2044947960985
0, 3, 2, KO, 27645, -48362.55248688788,-33782.75682631008,3699.853728049364,-3936.5305636250914,-11961.349393577375,-14722.29655347727,-40223.14591033741,-23912.695413040437,-1452.4114089849052,-15606.286670086425
0, 3, 2, KO, 11705, -16283.976464480049,-39450.77532624196,2951.8093324180263,281.21049796359796,-27826.834447921454,-9397.99371348966,-35663.595672831805,-29933.499804950905,-6551.997527753042,-30658.179549888984
0, 3, 2, KO, 44848, -44573.715230349866,-12689.596256374767,2878.8157603699883,-2246.6571234716557,-9565.365647115106,-8285.699767466129,-14729.311198860247,-3812.0928217835744,-2593.804680587722,-23949.118164929612
0, 3, 2, KO, 23962, -2233.1174720508125,-29869.539334179342,2720.881479466919,1193.5082818638546,-26333.905743406485,-7314.62335591997,-17328.76547134154,-13422.88640076635,-5078.132833485605,-17551.93429005699
0, 3, 2, KO, 23730, -75725.47456877648,-35699.91693602858,2706.59421380702,-4511.8650463434005,-20024.665381154005,-12988.253781188021,-27401.824220076167,-10310.322320636971,-3700.4404999249837,-4161.435574460594
0, 3, 2, KO, 44456, -14436.283987244986,-47830.88956767055,2562.530176594889,-7480.101451458141,-16396.02446469966,-19772.539261448874,-20289.890983824793,-11753.219530564906,-4336.51892499518,-7950.683663135991
0, 3, 2, KO, 10282, -39047.67600286716,-36058.469371697436,2505.517537496879,-1462.2803204886045,-13849.038925240136,-7047.383688700555,-40726.153888472676,-26301.530123824912,100.09025133956129,-17136.22898146939
1, 3, 5, OK, 46295, -59138.352011459436,-65055.562401264666,-31668.908799557645,17150.684660502342,-34853.90747732642,-14186.753977569726,-82884.6153183775,-14518.047572919315,-12107.52388953703,-21832.95705719298
1, 3, 5, OK, 7881, -45161.69362808546,-44289.703719070974,-10457.632835585475,16777.739907245155,-37829.48120408917,-6062.007006846384,-55039.98609670182,-18492.12784667904,-7130.814354368762,-26035.20345027457
1, 3, 5, OK, 49433, -45877.98206013846,-41481.21758539674,-12095.819924816704,16153.771079557513,-19144.199050243133,-15360.141007144095,-47913.937505985756,-15501.136789776485,-7549.192842459461,-28373.346407870766
1, 3, 5, OK, 33969, -42745.96930554001,-36955.172877960424,-26549.085908324465,15694.832050907671,-27941.61584617888,-6575.0453965589395,-39034.06410096784,-20253.751844406583,-9930.438213881804,-17217.826465261664
1, 3, 5, OK, 48445, -46066.80145784744,-29188.762536502483,-11409.078533704615,15548.119122265596,-32576.178586985032,-16024.301596924632,-69945.09481967626,-29076.27484232344,-6795.240172336813,-19091.469725801286
1, 3, 5, OK, 5193, -26738.54814417874,-47929.84915308648,-10478.556796589239,15189.050397504092,-18742.524075830785,-9148.719988922176,-33255.33868095766,-15556.398455790893,-9405.679040175546,-18247.266524524115
1, 3, 5, OK, 13579, -39462.9503960885,-44807.30848904847,-11443.242554646205,14990.48692577813,-28652.258174672475,-10919.717134034527,-45657.15317118225,-29858.68524598215,-5856.416953135861,-9995.301337830713
1, 3, 5, OK, 40427, -42796.45508615345,-56913.67598743251,-11507.77399132039,14919.832369510863,-32435.39774803825,-7545.2077552051005,-76973.95985086204,-41885.459153789896,-12377.633165082138,-28822.533439563158
1, 3, 5, OK, 1432, -52953.53733062198,-21687.0486542079,-14176.116962278304,14856.737575520992,-19089.95693300229,-14520.181699965262,-47568.663856857405,-16799.47956981492,-10241.985780377965,-33505.45324159894
1, 3, 5, OK, 51635, -44068.74737860472,-36971.40820852407,-19501.633226559527,14545.491793811838,-21046.137249094845,-6424.2601443364365,-66431.12678824188,-19745.552422782835,-6490.625559666868,-12771.281577751408
1, 3, 5, KO, 54858, -17691.972284004965,-51219.03090778471,-15962.482498776006,870.2430437016149,-9544.625077809827,8448.91392400923,-33699.39262777721,-28599.790696759672,-2994.114208258034,-9356.72986132278
1, 3, 5, KO, 21341, -24816.37837178974,-37574.13833498884,-14165.845664682833,-2485.3691541417784,-16286.773448012094,6055.416187782892,-37672.00035412086,-28793.477333654555,-1933.3191289332951,-22247.298353968516
1, 3, 5, KO, 35486, -25627.24943150815,-29508.65825014991,-21557.873212315317,2697.71245230312,-18403.204691943112,5970.3605087883225,-30373.00291894962,-14474.2491739968,-3984.3621139697407,-11731.583278846741
1, 3, 5, KO, 46070, -22528.127736944985,-33497.07934686309,-4413.714841327527,-894.9557923738419,-19455.383425411204,5793.244565471495,-21578.93025684467,-31776.757791258435,6.073836476204406,-31307.284020207153
1, 3, 5, KO, 10644, -25263.19340823268,-50452.559270852624,-12175.127736559703,-2954.6060494914773,-11509.673478244596,5675.838982369787,-31245.11151983697,-22927.66533631727,-1925.0142095713852,-16482.79900973837
1, 3, 5, KO, 29246, -29619.71665245711,-51791.97259347362,-9707.32349907457,2280.774784183699,-16183.143628366513,5386.81050634705,-15317.1389482794,-28943.0678376264,-7204.161579118824,-25583.361963009706
1, 3, 5, KO, 47781, -25885.10201095455,-46393.15569754389,-12034.131678813483,-2242.1122170146473,-25869.937906690426,4993.94169091378,-37866.55657614716,-42086.733434988106,-2219.321011761338,-36637.93677380157
1, 3, 5, KO, 49791, -30699.03768363707,-53678.31832399814,-20138.81876544769,2002.981987425849,-25474.4112335763,4879.520606974132,-35046.93208499627,-31072.78962705027,-7326.481638738588,-32040.85287641574
1, 3, 5, KO, 12877, -19786.987548116842,-35702.102126897924,-15712.246838731793,4060.2689233493957,-30225.068920182784,4811.336335946358,-35984.15592818571,-34546.53045356483,-4398.044798110692,-21097.79672875223
1, 3, 5, KO, 17582, -36289.76643551727,-42286.56185511756,-14035.303060966082,3116.0308610443108,-9318.626554637849,4662.032780943351,-16578.006607050585,-15145.89135178716,-3696.8067256967597,-19580.922506330826
2, 4, 9, OK, 35335, -16123.856961236592,-45300.28783884745,-10234.012943821906,-18819.24113467212,15248.372281327654,-7039.366076589769,-8104.833403747147,-16810.52926100737,-2459.6777245008143,-4480.04381097423
2, 4, 9, OK, 56147, -13769.534943579716,-33736.59104654602,-19469.632603972088,-15397.627876124967,15057.525900759578,-3077.134509584908,-7265.992742023749,-18407.977853371638,-4053.3655606331504,-7024.689298898715
2, 4, 9, OK, 11024, -22551.815840022064,-36365.70749765473,-18170.684359732026,-24883.98029949565,14355.11220331387,-8573.038410019886,-12812.194792159089,-13519.665193244728,-1445.5196949038134,2220.0265065736194
2, 4, 9, OK, 6095, -11938.335158766235,-39024.40227503517,-6289.341682317997,-8516.81595539515,13995.296609286239,-6820.14475214356,-14377.351578018146,-22229.08077188468,-4306.490863687191,-9561.65142914086
2, 4, 9, OK, 53149, -15653.308231391171,-60079.19013980087,-4146.532431655148,-18302.330606287167,13796.540856196269,-7237.453566444138,-21935.577267443212,-23729.35020591169,-3300.207074465535,-13842.710229610035
2, 4, 9, OK, 39339, -17014.100773568916,-49767.600469959754,-12090.209506584077,-16174.898879613818,13318.558412793847,-10955.461260061707,-12628.380800454954,-18882.30469762666,-5404.292449410228,-12019.444572132421
2, 4, 9, OK, 59261, -22702.257618113832,-25168.32723430834,-8808.200105606984,-8936.046814246683,12863.410912078121,-4388.768401705748,-10134.756820591132,-21694.29969935387,-1205.7467158729887,-7757.973641912241
2, 4, 9, OK, 15543, -21927.55226129898,-42414.683884985396,-7987.603964176902,-24931.058200641273,12580.946696885969,-11523.943944617778,-585.872581273002,-21062.475633524406,-2474.6877162104443,-11802.122282716058
2, 4, 9, OK, 6049, -20910.312673618097,-40344.62417334214,-9470.83018565,-11087.714271577463,12567.533157570982,-7921.020314393327,-12432.032827832636,-21490.261471121175,-6884.399650639553,-3257.547660347951
2, 4, 9, OK, 6235, -34388.69555026839,-26123.95409354903,-13201.750558560281,-10719.704289826384,12509.743619346811,-11177.798806262212,-13946.843312977953,-13791.86520058204,-3955.566993489075,-7929.0876852368
2, 4, 9, KO, 23685, -31424.47404984026,-22938.277642938392,-18539.927082716735,-6791.406730947032,2009.5722402483168,-6806.503822543388,-21960.125196120243,-7525.054280268228,-1061.9552042966689,6686.000117110282
2, 4, 9, KO, 42139, -29716.624386604315,-33285.89253173714,-19779.00864531573,-10909.506732310814,-4161.5499553427635,-8633.958289281432,-19271.276042491667,-9059.452363227223,2931.681290478811,6568.695851866824
2, 4, 9, KO, 35425, -30881.42098537749,-44057.48951356204,-22300.77692077961,-13590.846200023267,2832.3875967508757,-11565.997655559346,-13867.238055961103,-16472.704818591217,-1300.6236384058152,6494.495711172404
2, 4, 9, KO, 32419, -9131.809014052094,-40129.08871246175,-11918.401106319772,-9174.854614472662,-6213.544342758756,-11159.50028226044,-19019.584723300155,-8612.690809853015,481.3181065007884,6400.634132171536
2, 4, 9, KO, 20250, -38897.278243016706,-11178.655594017093,-12622.875232702947,1863.2089582608744,-2171.576920049846,-4740.230475169066,-17714.44215089141,-14090.969996751915,-2595.7378467773374,6397.787498822424
2, 4, 9, KO, 48953, -18263.674936369684,-9106.458510667979,-14456.203798963154,-15978.665549078885,-8552.036275957584,-16411.12936686963,-9726.21641064708,-14922.8123737285,-130.9080153576574,6252.900467451742
2, 4, 9, KO, 20924, -22634.43336598124,-40918.14983245232,-8013.653884806433,-28504.938268046666,-890.771632079721,-22741.997304490465,-1936.0653894742575,-11308.419160195728,-1848.8971194762503,5533.193934930741
2, 4, 9, KO, 53988, -28943.517835258797,-33586.86200007029,-10608.006461688447,-12263.57817142321,-1069.3466885898558,-9489.439029801022,-28000.59512171529,-11423.550764212432,853.2691448047005,5496.945902783347
2, 4, 9, KO, 42249, -21270.74033600276,-31649.716378110847,-17949.768909695642,-6228.206326512923,128.2416643346752,-7885.065868868614,-17855.77770713029,-11918.625502051424,-867.1603318511982,5293.422878721823
2, 4, 9, KO, 46884, -59365.94204880957,-15217.85194805093,-14330.526709925716,-2413.816475492933,-4407.7113864978455,-5839.552293037444,-17054.877009706586,-14730.103279866311,-4471.674748946999,5049.757970406378
3, 5, 3, OK, 19449, -60378.0755202986,-52605.13602097308,-35118.834654137056,-28915.669013145187,-13674.472857029758,14961.472435946525,-62011.417011653495,-28807.74011327779,-132.77018116118052,-21635.582971359436
3, 5, 3, OK, 26873, -40234.03525241196,-40870.340812339244,-11914.3463815659,-22393.144578900534,-22673.561799925064,14718.423877394758,-37044.731635617456,-13048.748571873899,-2104.9585223100003,-22708.5347822568
3, 5, 3, OK, 55161, -38411.99912255319,-43312.923400744345,-18381.04558834742,-27639.277242057266,-22794.365106806177,14443.518828642744,-42459.10409919981,-19145.56862032322,-3530.820153442064,-20499.418934413225
3, 5, 3, OK, 47320, -37740.48667615922,-70291.39564801626,-27470.164190711497,-36462.66603802814,-24846.820125293314,14185.53685804555,-63513.71715375323,-18192.77815667399,-2576.013769581299,-12463.844425326388
3, 5, 3, OK, 51950, -47523.71883827694,-57662.79071705146,-41568.518124384726,-24558.922587028672,-26857.87077701547,14144.373184283773,-73394.3163595894,-24379.213090767305,-1805.5192850577723,-22426.829183449954
3, 5, 3, OK, 51362, -9968.532931162381,-63052.320551788136,-25042.02587367108,-17768.82781362617,-16561.308629599593,14073.836828084848,-54123.44184465744,-24004.769398616918,-4862.5981956938695,-15266.887950815846
3, 5, 3, OK, 13457, -43894.798286646655,-45933.584554295216,-22630.52967868728,-23945.338346503893,-20941.262227572337,14052.604019610106,-46102.0356253699,-14955.097713865047,-1511.3867951908383,-20900.07357000032
3, 5, 3, OK, 22073, -28745.905793503516,-56735.28297505709,-16103.732800399617,-10906.913413362212,-14896.891284368894,13926.617546575933,-32927.90335091963,-48514.90907040727,-5667.71663475272,-33240.73735955363
3, 5, 3, OK, 17118, -67031.68763373971,-60668.60915000509,-25262.341370168913,-22811.31367762398,-12827.232818902401,13742.488284939729,-66312.26730131899,-10292.821048661857,-1441.0730300323096,-15834.52405678589
3, 5, 3, OK, 53497, -15852.561524783097,-34184.32187508306,-11745.976474708597,-22851.19905880837,-14271.710999266597,13667.399857963172,-34065.76071268136,-4135.98880023073,-14.785396585962872,-9667.157029735145
3, 5, 3, KO, 47873, -10970.94465925634,-22755.88955680834,-4862.397923932267,9332.196777352377,-5365.581525797454,467.5764681236759,-30056.13371709917,-3311.916975814447,-4934.87743859379,-12889.838752027761
3, 5, 3, KO, 41243, -13817.01647910711,-35567.518713685604,-9448.461375296807,8582.992286800762,-13346.66737740941,3240.417074545018,-28849.348324499184,-9214.873576052605,-5403.226593321126,-15153.637435595028
3, 5, 3, KO, 51775, -19400.251125111256,-23017.163323113906,-7914.653024486538,7947.16236177041,-11649.630424219327,2227.0169571298434,-23521.360459237127,-9312.468342599701,-4202.570957903801,-13275.246783362476
3, 5, 3, KO, 9419, -30880.55005299943,-21472.491312584676,-20103.943946838463,7629.588248387061,-29465.244862527965,-2481.4492904833287,-57488.09535661297,-30256.24041289151,-7471.1400352630435,-13602.542806731897
3, 5, 3, KO, 47951, -2831.708982596605,-39179.966708532105,-9386.71034345784,7602.154417799133,-13337.95470924062,-66.14309622530331,-33044.35295693149,3336.789115913759,-9361.247253922638,-12182.842227218196
3, 5, 3, KO, 47825, -12840.334986152804,-39394.11106647297,-10099.43266829485,7034.203994154081,-13515.140382603246,1169.551630191073,-30904.226241397333,-6959.966325274893,-6255.992243283329,-13877.359282582645
3, 5, 3, KO, 39773, -10003.79940424152,-13425.463628622192,-1918.676278810287,6724.627769919634,-2812.068507024912,-1632.3348993096793,-11661.31296366592,-4727.897203025154,33.94680224663375,-9692.060567374383
3, 5, 3, KO, 36599, -33618.13262454146,-53336.39391566273,-17570.59672310853,6544.228842206425,-27715.90381306252,-2501.125443578095,-82801.01407932639,-22710.18843178703,-3641.6258211781924,-18351.004239690665
3, 5, 3, KO, 56666, -22647.21437726704,-20434.348863932715,-9770.341874629343,6326.5597208987765,-14789.202855598522,-4591.043360026135,-31667.138516885152,-20228.636508046362,-819.7558827457183,-3624.6762818575844
3, 5, 3, KO, 34050, -24116.57948799855,-25784.038090085225,-6166.9519356017945,5705.064311691377,-32289.975021194772,-6012.584836013871,-31648.08993881578,-21517.032127229613,-1586.8130132695092,-15067.19872330379
4, 5, 8, OK, 19449, -60378.0755202986,-52605.13602097308,-35118.834654137056,-28915.669013145187,-13674.472857029758,14961.472435946525,-62011.417011653495,-28807.74011327779,-132.77018116118052,-21635.582971359436
4, 5, 8, OK, 26873, -40234.03525241196,-40870.340812339244,-11914.3463815659,-22393.144578900534,-22673.561799925064,14718.423877394758,-37044.731635617456,-13048.748571873899,-2104.9585223100003,-22708.5347822568
4, 5, 8, OK, 55161, -38411.99912255319,-43312.923400744345,-18381.04558834742,-27639.277242057266,-22794.365106806177,14443.518828642744,-42459.10409919981,-19145.56862032322,-3530.820153442064,-20499.418934413225
4, 5, 8, OK, 47320, -37740.48667615922,-70291.39564801626,-27470.164190711497,-36462.66603802814,-24846.820125293314,14185.53685804555,-63513.71715375323,-18192.77815667399,-2576.013769581299,-12463.844425326388
4, 5, 8, OK, 51950, -47523.71883827694,-57662.79071705146,-41568.518124384726,-24558.922587028672,-26857.87077701547,14144.373184283773,-73394.3163595894,-24379.213090767305,-1805.5192850577723,-22426.829183449954
4, 5, 8, OK, 51362, -9968.532931162381,-63052.320551788136,-25042.02587367108,-17768.82781362617,-16561.308629599593,14073.836828084848,-54123.44184465744,-24004.769398616918,-4862.5981956938695,-15266.887950815846
4, 5, 8, OK, 13457, -43894.798286646655,-45933.584554295216,-22630.52967868728,-23945.338346503893,-20941.262227572337,14052.604019610106,-46102.0356253699,-14955.097713865047,-1511.3867951908383,-20900.07357000032
4, 5, 8, OK, 22073, -28745.905793503516,-56735.28297505709,-16103.732800399617,-10906.913413362212,-14896.891284368894,13926.617546575933,-32927.90335091963,-48514.90907040727,-5667.71663475272,-33240.73735955363
4, 5, 8, OK, 17118, -67031.68763373971,-60668.60915000509,-25262.341370168913,-22811.31367762398,-12827.232818902401,13742.488284939729,-66312.26730131899,-10292.821048661857,-1441.0730300323096,-15834.52405678589
4, 5, 8, OK, 53497, -15852.561524783097,-34184.32187508306,-11745.976474708597,-22851.19905880837,-14271.710999266597,13667.399857963172,-34065.76071268136,-4135.98880023073,-14.785396585962872,-9667.157029735145
4, 5, 8, KO, 45482, -20653.609284734594,-35919.60976600959,-24445.142640054357,-14341.297202998872,-16988.22375242572,2613.6307688330435,-11308.752940906435,-21419.36419737909,4015.7462147615424,-8071.905052013262
4, 5, 8, KO, 42121, 1999.7648157793624,-30981.56094148397,-5360.859322153585,-16550.522164105165,-6471.182228503392,-12959.754397699684,-6634.65830976725,-23527.808675422897,3863.9439890142294,-1290.4879826172266
4, 5, 8, KO, 42317, -16819.040217829694,-16400.41696508618,-1806.5275994719232,-16213.99774388576,-3129.0884786594897,-9950.81669237072,-4906.618866670694,-15441.520891024427,3037.8230406650337,867.6061663271018
4, 5, 8, KO, 38250, -28029.2416343059,-31000.38575221152,-6783.899506871246,-8294.243734403706,-14507.332217842602,-3022.2352988365715,-29325.997713062796,-29206.132593553833,2703.211827936071,-8914.814056059307
4, 5, 8, KO, 13253, -25619.134353985184,-9182.146103144985,-7310.1424745666955,-16069.645120074936,-5638.602804051208,-1587.9560299128889,-8023.216563939659,-11627.284145345291,2543.4907208520062,-636.3531087988733
4, 5, 8, KO, 42321, -9837.305116159241,-15143.39751036713,-6022.555366002391,-6116.2102393410405,-3592.8447246807673,-4314.472493526169,-9768.493924213497,-6538.316043632239,2500.4644871450855,-3160.108271605932
4, 5, 8, KO, 7639, -24542.893027740975,-17315.559830633647,-6551.359375676973,-10101.090262331481,-1511.8081100348372,-659.0395806798614,-13316.816054968016,-16293.429320239016,2276.730367688684,-7121.723312639092
4, 5, 8, KO, 40599, -121.07658035976735,-26881.160405272734,-9801.76967335896,-11572.662652918318,-4124.248201078134,527.7838809915265,-14729.050000392115,-10543.26716698753,2201.1464182141453,-6661.1407392153915
4, 5, 8, KO, 53507, -22274.35313330203,-25682.602051620546,-13050.238260946213,-13595.982313826475,-14965.646089046379,-12065.59961317608,-24797.850386726044,-14787.534441072543,2174.869473089291,-2633.781379756575
4, 5, 8, KO, 24275, -27784.36028783562,-5315.026284696902,-7223.587162067608,-12043.41300890537,-2217.426563889123,782.8199231302775,-8973.549970195441,-10710.785728873672,2164.1777503444337,-3362.9917039967295
5, 8, 3, OK, 19777, -55062.94813228807,-52819.93680561058,-22540.884682976564,-5834.849083970636,-23991.3158789204,-8577.238977970213,-34446.81855230362,-14736.332322262357,7751.613471079424,-3242.4226685978338
5, 8, 3, OK, 50448, -34358.813451560745,-15028.76193369305,-2988.0531541978403,-2125.99879297975,-16081.384420262051,-10310.874210750993,-10193.81840421595,-31139.062370295836,7740.269990303034,-12811.054120335019
5, 8, 3, OK, 22919, -41055.73951615993,-38653.692179293685,-14713.421864013992,-19336.142613965185,-20447.021941621537,-7177.431729604581,-28171.81958350684,-18514.097160973943,7107.263713656183,-2359.645033075284
5, 8, 3, OK, 13605, -35989.26332272142,-41979.46139038908,-9387.037449908985,-19692.772608433403,-25640.28429470117,-10118.764452209905,-48843.18593161503,-30974.13704106806,6834.033822357734,-14213.605835862843
5, 8, 3, OK, 13549, -17921.35134852066,-55430.79358156477,-21361.770569412885,-30547.342463991088,-25210.174714128814,-4437.747373321863,-53376.037194213015,-32728.194733788518,6830.759301577048,-12923.884246664378
5, 8, 3, OK, 23063, -35686.88157419422,-44006.93886140343,-13988.55241785734,-10481.192093271404,-19555.797253744004,-13012.307345269775,-41561.61551658554,-24885.301954306906,6699.660703256726,-5324.980440727382
5, 8, 3, OK, 19763, -49833.90470687689,-43236.080903011636,-17943.229106071547,-29579.374666089167,-17774.124958858723,-9269.341495407427,-16813.800276331378,-19932.369838371513,6446.890402131938,-4275.313670239486
5, 8, 3, OK, 16246, -43729.41860336038,-21912.550788029832,-7483.895685461419,-4163.04818872949,-15213.051785834721,-7847.126123730888,-30821.685160845205,-27157.605812888138,6303.149058492224,-6529.489952363809
5, 8, 3, OK, 27958, -32705.05749278848,-27081.201008090396,-7568.37363945581,-6737.183817575777,-16125.835318535204,-10402.72342782789,-29631.505372383497,-17949.58943162722,6161.698859034404,-11606.602412172017
5, 8, 3, OK, 19593, -35988.327935057605,-24263.552432863064,-8911.256465817101,-4187.866831729278,-24832.17074652079,-18163.78723403066,-25549.930607985967,-50218.68731487343,6149.550565503083,-14601.06626582054
5, 8, 3, KO, 13018, -14035.22748652941,-28717.904621582096,-6487.106212026926,9400.100409649234,-17645.576121806644,-3558.8323832256506,-49755.00497331393,-17569.434937149093,-4145.87736253498,-12867.357705374976
5, 8, 3, KO, 50514, -18887.231079046618,-46834.5091885394,-5965.252051741895,9235.621097042547,-27932.175717965085,-2697.01876981961,-35601.763730763836,-38026.409884503955,-8999.564912114487,-33425.02909322954
5, 8, 3, KO, 7136, -14217.242921526853,-27528.979655792067,-4107.273456440662,6498.156144365174,-16302.855277060384,-7861.940184921096,-34850.15508502329,-27868.92892144647,-2356.1153715585406,-14176.76775787841
5, 8, 3, KO, 20592, -10481.54983306711,-19911.355019128583,-7291.15944852332,5974.715942009913,-15165.68823866004,-6228.5036349302345,-28115.698550990877,-15984.230020453875,2320.3654190740745,-4670.12490023873
5, 8, 3, KO, 31308, -9466.462423055556,-36478.09702270851,-10760.054376737642,5715.040181533027,-20823.126274183905,-2984.545171648399,-58372.71193675765,-14491.582780066507,-2704.8237746329523,-19030.413494208544
5, 8, 3, KO, 44442, -5625.57359411698,-48293.229875210964,-10602.112344497324,5593.622481403843,-14093.086321929539,-7009.707388746459,-47182.95999375712,-16376.20242081466,-4464.482877547392,-11286.154974258614
5, 8, 3, KO, 13677, -15301.79269114658,-17039.554863818077,-11820.466830068272,5216.870322685974,-17126.132200878466,-4557.97880627691,-64485.94986528154,-21233.263172472634,-4133.24609632056,-11285.191082586296
5, 8, 3, KO, 8520, -14588.293129206439,-25439.71692730832,-7706.956705774885,5090.487687411108,-14942.377666306393,-4742.736843155649,-47533.64789715864,-17667.124206297525,-1816.3997752952,-13407.361499384897
5, 8, 3, KO, 52390, -11457.976649043481,-18441.7619935381,-5984.088577501499,4490.211644859641,-14598.535297254619,-3226.34054620557,-24639.97068481447,-19273.1898100026,-2075.2888641472155,-11346.454505847916
5, 8, 3, KO, 20966, -28179.925512734484,-39132.05625382757,-7135.355235223185,4424.758808312245,-26692.682108800745,-8864.01434270176,-36593.48586664818,-40210.749096407046,-163.37644920275193,-25081.14512476926
6, 8, 5, OK, 19777, -55062.94813228807,-52819.93680561058,-22540.884682976564,-5834.849083970636,-23991.3158789204,-8577.238977970213,-34446.81855230362,-14736.332322262357,7751.613471079424,-3242.4226685978338
6, 8, 5, OK, 50448, -34358.813451560745,-15028.76193369305,-2988.0531541978403,-2125.99879297975,-16081.384420262051,-10310.874210750993,-10193.81840421595,-31139.062370295836,7740.269990303034,-12811.054120335019
6, 8, 5, OK, 22919, -41055.73951615993,-38653.692179293685,-14713.421864013992,-19336.142613965185,-20447.021941621537,-7177.431729604581,-28171.81958350684,-18514.097160973943,7107.263713656183,-2359.645033075284
6, 8, 5, OK, 13605, -35989.26332272142,-41979.46139038908,-9387.037449908985,-19692.772608433403,-25640.28429470117,-10118.764452209905,-48843.18593161503,-30974.13704106806,6834.033822357734,-14213.605835862843
6, 8, 5, OK, 13549, -17921.35134852066,-55430.79358156477,-21361.770569412885,-30547.342463991088,-25210.174714128814,-4437.747373321863,-53376.037194213015,-32728.194733788518,6830.759301577048,-12923.884246664378
6, 8, 5, OK, 23063, -35686.88157419422,-44006.93886140343,-13988.55241785734,-10481.192093271404,-19555.797253744004,-13012.307345269775,-41561.61551658554,-24885.301954306906,6699.660703256726,-5324.980440727382
6, 8, 5, OK, 19763, -49833.90470687689,-43236.080903011636,-17943.229106071547,-29579.374666089167,-17774.124958858723,-9269.341495407427,-16813.800276331378,-19932.369838371513,6446.890402131938,-4275.313670239486
6, 8, 5, OK, 16246, -43729.41860336038,-21912.550788029832,-7483.895685461419,-4163.04818872949,-15213.051785834721,-7847.126123730888,-30821.685160845205,-27157.605812888138,6303.149058492224,-6529.489952363809
6, 8, 5, OK, 27958, -32705.05749278848,-27081.201008090396,-7568.37363945581,-6737.183817575777,-16125.835318535204,-10402.72342782789,-29631.505372383497,-17949.58943162722,6161.698859034404,-11606.602412172017
6, 8, 5, OK, 19593, -35988.327935057605,-24263.552432863064,-8911.256465817101,-4187.866831729278,-24832.17074652079,-18163.78723403066,-25549.930607985967,-50218.68731487343,6149.550565503083,-14601.06626582054
6, 8, 5, KO, 28587, -100243.60922026396,-58226.75254344784,-39198.51096447434,-38313.922493141625,-16659.68332282845,11434.763060596271,-45452.77186821762,-17720.825055164063,3326.6419807113334,-19172.88704292453
6, 8, 5, KO, 6943, -44543.15084887695,-70148.75832840423,-35290.68103595565,-36324.21342220338,-23861.10053108654,8742.071648567595,-71121.52918635163,-25750.55557337446,33.42088920939295,-11565.872734163868
6, 8, 5, KO, 44748, -23094.241644525006,-58380.73459734981,-14731.067009169916,926.0548268103023,-14199.118538579727,8247.686196680399,-38451.3137661672,-40099.44738811452,-1664.8075746412092,-25857.0133610771
6, 8, 5, KO, 41882, -7501.527355465535,-40694.18080999652,-14752.042129003212,-6914.4811690047645,-9665.118488584076,7889.663464854613,-7891.1742365481105,-30004.01195519035,-1181.4258951471118,-12403.412020820948
6, 8, 5, KO, 42665, -66766.83929781022,-41367.171778405995,-21911.71402727878,-27306.961403710575,-30756.52201740816,7225.293283325583,-68696.34984287193,-22648.043318268315,2966.7933195213745,-12809.061777268065
6, 8, 5, KO, 41200, -34130.954588511835,-53559.61666935254,-11665.543168730037,-2783.404769709885,-15705.515084445979,6957.010023863846,-35885.356720196665,-38007.349827695514,-4871.703676289725,-27811.450862348982
6, 8, 5, KO, 42878, -21541.17427255961,-46639.40410302848,-12371.252858343669,-1660.7985467546093,-18702.172045090647,6931.034474342865,-48167.82360147026,-36952.96093892528,-4064.26008088857,-22274.351129814946
6, 8, 5, KO, 42297, -57455.53615187596,-42244.41143602673,-25710.667891239424,-31203.517010116408,-16818.67594140259,6804.861697529867,-69856.20224327974,-23823.977794026137,1994.4847028681213,-15004.291279199613
6, 8, 5, KO, 3872, -31237.503418342065,-35231.05873158567,-8168.847292697327,-14825.448510153108,-9681.785468892514,6608.884680138392,-28967.239840618215,-40480.1749951406,481.1846087682243,-23307.034939789788
6, 8, 5, KO, 23458, -17140.33566214773,-37187.9898947408,-8240.03325279251,-2124.9732292198732,-10752.078612820036,6379.753595855362,-23253.861314040914,-19601.661543409875,-1233.129056224183,-20622.18149899465
7, 8, 9, OK, 19777, -55062.94813228807,-52819.93680561058,-22540.884682976564,-5834.849083970636,-23991.3158789204,-8577.238977970213,-34446.81855230362,-14736.332322262357,7751.613471079424,-3242.4226685978338
7, 8, 9, OK, 50448, -34358.813451560745,-15028.76193369305,-2988.0531541978403,-2125.99879297975,-16081.384420262051,-10310.874210750993,-10193.81840421595,-31139.062370295836,7740.269990303034,-12811.054120335019
7, 8, 9, OK, 22919, -41055.73951615993,-38653.692179293685,-14713.421864013992,-19336.142613965185,-20447.021941621537,-7177.431729604581,-28171.81958350684,-18514.097160973943,7107.263713656183,-2359.645033075284
7, 8, 9, OK, 13605, -35989.26332272142,-41979.46139038908,-9387.037449908985,-19692.772608433403,-25640.28429470117,-10118.764452209905,-48843.18593161503,-30974.13704106806,6834.033822357734,-14213.605835862843
7, 8, 9, OK, 13549, -17921.35134852066,-55430.79358156477,-21361.770569412885,-30547.342463991088,-25210.174714128814,-4437.747373321863,-53376.037194213015,-32728.194733788518,6830.759301577048,-12923.884246664378
7, 8, 9, OK, 23063, -35686.88157419422,-44006.93886140343,-13988.55241785734,-10481.192093271404,-19555.797253744004,-13012.307345269775,-41561.61551658554,-24885.301954306906,6699.660703256726,-5324.980440727382
7, 8, 9, OK, 19763, -49833.90470687689,-43236.080903011636,-17943.229106071547,-29579.374666089167,-17774.124958858723,-9269.341495407427,-16813.800276331378,-19932.369838371513,6446.890402131938,-4275.313670239486
7, 8, 9, OK, 16246, -43729.41860336038,-21912.550788029832,-7483.895685461419,-4163.04818872949,-15213.051785834721,-7847.126123730888,-30821.685160845205,-27157.605812888138,6303.149058492224,-6529.489952363809
7, 8, 9, OK, 27958, -32705.05749278848,-27081.201008090396,-7568.37363945581,-6737.183817575777,-16125.835318535204,-10402.72342782789,-29631.505372383497,-17949.58943162722,6161.698859034404,-11606.602412172017
7, 8, 9, OK, 19593, -35988.327935057605,-24263.552432863064,-8911.256465817101,-4187.866831729278,-24832.17074652079,-18163.78723403066,-25549.930607985967,-50218.68731487343,6149.550565503083,-14601.06626582054
7, 8, 9, KO, 15897, -44311.64790413372,-36431.283510635134,-18137.596999597936,-19848.84757684192,-19544.109208459002,-27179.09536409872,-37517.783340268215,-16822.822728368217,1230.8602496722413,5418.520103036297
7, 8, 9, KO, 28902, -54657.903264336455,-32201.424906107055,-7930.060358445539,-1484.6964295599125,-13418.109196663314,-5705.418668545981,-22312.03281364889,-8580.532489341376,542.4677200858662,3293.4497535827795
7, 8, 9, KO, 19756, -43930.55839287946,-30212.644730947854,-12777.675647772248,-10497.68557162781,-12422.971007811098,-9243.683972253823,-17656.584916774333,-18767.199513693748,-219.4556999186084,3218.676833023266
7, 8, 9, KO, 26362, -30068.03931372465,-2191.800212645931,-15348.367266303749,-21429.157627389315,-5315.158339726922,-17820.614950850926,-2693.096562743467,-2100.4911845921856,-156.42308808000143,3183.7665383829726
7, 8, 9, KO, 22557, -27376.180692147886,-18668.645086840705,-9089.440341344249,-17944.988749916745,-10981.871724868748,-17515.689522938763,-32015.662373230145,-31967.301454559147,1438.2370706989293,3016.8706471660353
7, 8, 9, KO, 42624, -29683.453496308306,-42608.10080911569,-15003.56761164239,-10377.178059335689,-14754.544112536265,-10539.74621634499,-43425.92492023912,-9627.6365485931,664.1640817074929,2779.723268054633
7, 8, 9, KO, 48655, -43149.47825122316,-19351.744736615616,-20803.486672171988,-6378.572826051663,-16381.724304200581,-12708.929111998346,-38041.99330649111,-13461.58369156024,2325.3911409828443,2683.779262653463
7, 8, 9, KO, 58518, -23860.523796114932,-54519.487841627815,-13364.57980922439,-24388.749887368125,-16205.637778961009,-9172.878348877879,-28440.35761311974,-4672.369303876768,-1414.3518010571913,2579.696978734869
7, 8, 9, KO, 58556, -44898.30889873565,-25108.561974234643,-9286.956053111753,-2582.922136386287,-11008.664162543299,-6893.399251325381,-30346.573415768074,-5001.997423948065,2349.025766366097,2539.8823972601895
7, 8, 9, KO, 13803, -19169.050019749724,-42771.51338170056,-16179.342448923973,-5782.758739947072,-24441.578068814735,-11571.505988686571,-56251.25441147258,-15768.098507788458,1839.9359951367653,2531.5391791584025
8, 9, 7, OK, 52709, -39945.9358516719,-42675.84752230886,-11736.608983090198,-9525.48506094315,-5391.336607321596,-8819.766468148468,-31481.897979687692,-16883.445638706235,-3438.704593214691,9918.307243623924
8, 9, 7, OK, 14127, -52524.5245293298,-32443.007320477067,-28729.677504370335,-23061.82119971905,-15432.626752559821,-18006.882339414075,-46552.858276452585,-15430.588057883317,-11048.995295577217,9814.958388180494
8, 9, 7, OK, 44778, -38895.50650873433,-29592.71999251423,-17569.81771366878,-18221.87814565542,-919.934634529885,-11263.401752597689,-18199.16032660555,-11967.305519192681,-2759.630120230331,9352.777586276505
8, 9, 7, OK, 51470, -34670.3824362429,-32310.15409154795,-21570.96599683541,-9281.719112390065,-7486.522647504276,-4278.871734076308,-14614.335414086892,-8884.463015093002,-125.87931738477505,9316.290082598936
8, 9, 7, OK, 55568, -40175.70321997455,-38566.73665299829,-19666.620449642454,-14553.413198181583,-10319.428071425094,-15525.71630483573,-30801.676885227047,-11189.489161321142,-2918.1034061659857,8222.684415336082
8, 9, 7, OK, 18628, -56332.126134045684,-33329.45434068404,-20443.568808448832,-22628.959391946755,-17721.89388946226,-16046.026363804473,-45740.71186206385,-13223.545866333914,-9917.811624339747,8211.75430416249
8, 9, 7, OK, 40528, -46281.50201038353,-29747.2889179698,-11519.378519000162,-12424.963448656865,-13280.107124012256,-13047.16216186551,-23968.870262748205,-19487.983043901073,-9397.454049391927,7975.862836863729
8, 9, 7, OK, 49793, -25929.879568691304,-36443.69330811577,-14686.46193633726,-10119.839980960392,-9586.168944633733,-16246.868384098792,-30063.769931215124,-12377.824817080933,-990.0819815655752,7841.9156756951725
8, 9, 7, OK, 29947, -19236.586581223382,-40292.962087896405,-18363.101241556524,-13060.656883216252,-8095.21477452271,-6972.354937152761,-17433.977633640352,-6813.678331546879,-2066.9601362727944,7811.923180387281
8, 9, 7, OK, 16621, -76593.73912910832,-42095.98220135974,-22180.18005847543,-4050.371911474971,-15778.829387724089,-4769.081361484232,-24394.39330086755,-11366.100296024626,-4168.856403518938,7807.013638692755
8, 9, 7, KO, 52324, -39975.43121867455,-75128.60255095658,-32432.163645170236,-6412.711279722953,-25357.289230289036,-14647.107697121313,-31737.538005173228,11127.698351853833,-3866.6502769846347,578.3711021996676
8, 9, 7, KO, 33768, -23472.850413366614,-37902.43283264007,-14397.405251657592,-1772.229065676262,-13842.895305152753,-12859.673610270707,-39860.557520952694,8682.072658771056,-7112.845729821303,-4685.288177407704
8, 9, 7, KO, 47918, -33457.76473264048,-12393.446380105452,-16309.25564401853,-1768.227858828556,-15831.972356840874,-9019.77885443911,-35615.915723927355,8497.914526044704,-1986.8228087716273,-1862.283686528115
8, 9, 7, KO, 36104, -31258.247015376317,-37417.817489268025,-21337.40346419781,-2332.154452896275,-18285.77466503296,-8961.002196351303,-38572.53231258155,8061.961834656219,-4125.705175120033,-4346.421700501108
8, 9, 7, KO, 56480, -23910.193667153464,-35033.17144019556,-16745.032749340695,1419.6601728334776,-19688.24366629386,-6552.984409580542,-36145.67704407297,7113.455488909533,-2634.0440428703328,-2300.059411906698
8, 9, 7, KO, 42826, -30097.446644239477,-9277.981503209223,-9126.639010998213,-273.82762548301014,-14905.329633627725,-7345.244855855769,-31543.79492589908,6645.433898824101,-1273.5567608457584,-1919.851441018707
8, 9, 7, KO, 15991, -28349.886237454826,-5232.090466275363,-16478.561912471087,3551.902245998661,-15697.939014079366,-11241.694451695692,-44906.011373387635,6152.575399397922,-2987.8593718871234,-3293.705609163496
8, 9, 7, KO, 25562, -17883.915404888074,-12321.178582356106,-11227.49414632502,-5228.663230250751,-13023.855812687018,-4840.892006402124,-21684.43789252888,5788.157112189063,-2216.6833686908885,282.1027817835354
8, 9, 7, KO, 6918, -41837.39189497643,-18857.267053022137,-7316.648947437893,-5500.6532967607345,-23070.280309120706,-14344.324034885758,-47617.216043190616,5014.587274411787,-6904.527197092528,-4613.358136725976
8, 9, 7, KO, 44340, -39843.495967622286,-9294.902241785714,-17082.56087410175,-3920.3884916734114,-14082.82885443977,-3748.717412691363,-18058.505541042177,4913.142288999975,-2332.793232901936,-663.086088810807
